id,description,tags
999999,"Rated 20 movies, mean rating 4.15. Five highest rated: The Martian (2015) (5.0); Blood Diamond (2006) (5.0); Godfather, The (1972) (4.5); Dune (2021) (4.5); Wolf of Wall Street, The (2013) (4.5). Share of ratings below 3.0: 5%; at 3.0 or above: 95%.",animation|bad science|based on a true story|cliche|fun|funny|good acting|great acting|great performances|leonardo dicaprio|mafia|masterpiece|mockumentary|sci-fi|silly|space|space travel|true story|violence|visually appealing
10611,"Rated 271 movies, mean rating 3.49. Five highest rated: Blade Runner (1982) (5.0); Old Boy (2003) (5.0); Drive (2011) (5.0); Interstellar (2014) (5.0); Ghost in the Shell (2017) (5.0). Share of ratings below 3.0: 8%; at 3.0 or above: 92%.",action|adventure|anime|atmospheric|cinematography|dystopia|ensemble cast|fairy tale|fantasy|fun|musical|narrated|reflective|relationships|religion|satire|sci-fi|space|thought-provoking|visually appealing
21565,"Rated 61 movies, mean rating 3.34. Five highest rated: When Harry Met Sally... (1989) (4.5); Piano, The (1993) (4.0); Silence of the Lambs, The (1991) (4.0); Goodfellas (1990) (4.0); Psycho (1960) (4.0). Share of ratings below 3.0: 15%; at 3.0 or above: 85%.",atmospheric|cult classic|existentialism|fantasy|heartwarming|horror|jim carrey|leonardo dicaprio|psychological|psychology|relationships|revenge|romance|sci-fi|serial killer|strong female lead|suspense|technology|thriller|virtual reality
61181,"Rated 59 movies, mean rating 4.37. Five highest rated: Die Hard: With a Vengeance (1995) (5.0); Pulp Fiction (1994) (5.0); Terminator 2: Judgment Day (1991) (5.0); Die Hard (1988) (5.0); Shining, The (1980) (5.0). Share of ratings below 3.0: 0%; at 3.0 or above: 100%.",action|black comedy|classic|comedy|cult classic|cult film|dark comedy|dystopia|england|horror|post-apocalyptic|quentin tarantino|revenge|sci-fi|silly|storytelling|time travel|twists & turns|unique|violence
67478,"Rated 26 movies, mean rating 4.50. Five highest rated: Forrest Gump (1994) (5.0); Good Will Hunting (1997) (5.0); Beautiful Mind, A (2001) (5.0); Spirited Away (Sen to Chihiro no kamikakushi) (2001) (5.0); Grave of the Fireflies (Hotaru no haka) (1988) (5.0). Share of ratings below 3.0: 0%; at 3.0 or above: 100%.",adventure|animation|anime|bittersweet|christopher nolan|fantasy|fantasy world|inspirational|mathematics|mystery|pixar|psychology|quotable|sci-fi|sentimental|slow|space|steven spielberg|studio ghibli|too long
120553,"Rated 342 movies, mean rating 4.22. Five highest rated: True Romance (1993) (5.0); Monty Python and the Holy Grail (1975) (5.0); Clockwork Orange, A (1971) (5.0); Little Shop of Horrors (1986) (5.0); Monty Python's And Now for Something Completely Different (1971) (5.0). Share of ratings below 3.0: 1%; at 3.0 or above: 99%.",atmospheric|black comedy|cerebral|comedy|complicated|dark comedy|future|heist|long|psychological thriller|remake|sad|sci-fi|surreal|suspenseful|thought-provoking|thriller|twist ending|visually appealing|zombies
132153,"Rated 190 movies, mean rating 3.61. Five highest rated: Chungking Express (Chung Hing sam lam) (1994) (5.0); Piano, The (1993) (5.0); Heavy Metal (1981) (5.0); Ghost in the Shell (Kôkaku kidôtai) (1995) (5.0); Princess Mononoke (Mononoke-hime) (1997) (5.0). Share of ratings below 3.0: 21%; at 3.0 or above: 79%.",adventure|anime|anti-hero|atmospheric|boring|computers|dreamlike|fantasy|funny|keanu reeves|loneliness|matt damon|psychology|samuel l. jackson|sci-fi|slow|studio ghibli|stylized|superhero|surreal
144977,"Rated 472 movies, mean rating 3.98. Five highest rated: Seven (a.k.a. Se7en) (1995) (5.0); Jurassic Park (1993) (5.0); Die Hard (1988) (5.0); Aliens (1986) (5.0); Alien (1979) (5.0). Share of ratings below 3.0: 2%; at 3.0 or above: 98%.",action|adventure|aliens|atmospheric|drugs|dystopia|fantasy|film noir|inspirational|ryan gosling|sci-fi|sentimental|space|suicide|superhero|teen|twist ending|twists & turns|unpredictable|will smith
150744,"Rated 171 movies, mean rating 4.09. Five highest rated: Seven (a.k.a. Se7en) (1995) (5.0); Taxi Driver (1976) (5.0); Shawshank Redemption, The (1994) (5.0); Silence of the Lambs, The (1991) (5.0); Fargo (1996) (5.0). Share of ratings below 3.0: 12%; at 3.0 or above: 88%.",adventure|atmospheric|conspiracy|crude humor|dark|dark comedy|disturbing|england|great acting|great performances|nazis|psychological|psychology|robots|sci-fi|storytelling|surreal|thought-provoking|time loop|twist ending
158502,"Rated 1,485 movies, mean rating 3.91. Five highest rated: Toy Story (1995) (5.0); Sense and Sensibility (1995) (5.0); Leaving Las Vegas (1995) (5.0); City of Lost Children, The (Cité des enfants perdus, La) (1995) (5.0); Babe (1995) (5.0). Share of ratings below 3.0: 10%; at 3.0 or above: 90%.",action|assassin|atmospheric|black comedy|classic|comedy|cute|dark comedy|dark hero|futuristic|military|nudity (full frontal)|psychology|remake|sci-fi|science|thought-provoking|true story|twist ending|visually appealing
