movieId,tag,score
5,comedy,0.5570326703290145
5,family,1.4271435200383789
5,fantasy,0.23963136787785858
5,heartwarming,0.18542550675204542
5,humorous,0.20275321572286184
5,remake,0.2026740465862829
5,sentimental,0.2269181990232624
5,sequel,0.48281585425138474
5,touching,0.48708488469322525
151,adventure,0.2575940112272898
151,atmospheric,0.1786722310508291
151,biography,0.5926745494763399
151,history,0.2776074279099703
151,rape,0.4304024114952249
151,tense,0.16657646472255389
151,western,0.23169483281672001
176,cult film,0.25842452239598673
176,dreams,0.2029758075347347
176,love,0.2089013043981399
176,nudity (topless),0.3264715968466857
176,satire,0.17818383399369944
267,classic,0.4190822510833019
267,comedy,1.2667420845445212
267,cult film,0.20173252558578617
267,funny,0.36674943288559453
267,hilarious,0.5250750871259818
267,martial arts,0.27132444381308946
267,military,0.7043453797397196
267,remake,0.20396027412751447
267,violence,0.26728617762741835
356,1980s,0.33346818710469367
356,acting,0.28215534514190216
356,action,0.446871257869257
356,adventure,4.312455396843766
356,bad acting,0.2347180577055696
356,based on a book,7.81072672301238
356,beautiful,0.3930403531203614
356,biography,2.924625261297613
356,bittersweet,21.239730743525165
356,boring,3.579067060266583
356,cheesy,0.22073635553489981
356,chick flick,0.21931317051154992
356,classic,28.660925526015514
356,comedy,32.659854269867786
356,coming of age,0.22657489727525615
356,cult classic,0.24871443643448374
356,cult film,0.9444364795140734
356,cute,0.1958959454721006
356,dark comedy,0.2715742555913903
356,drama,23.273469478953853
356,emotional,21.705552548013696
356,epic,5.308750541319491
356,excellent script,0.44526539610083393
356,family,1.6931639097940978
356,fantasy,0.25218293411636106
356,feel good movie,3.633038702878009
356,feel-good,13.048975256407617
356,friendship,1.5315274296463168
356,fun,0.6900928554979041
356,funny,10.846745238113604
356,good acting,6.398187736858324
356,good dialogue,0.22054553167513907
356,great acting,19.84030056026834
356,great performances,0.22056161189368048
356,great soundtrack,8.710061262235179
356,happy ending,0.2308731392128182
356,heartwarming,15.73929805842237
356,historical,19.44755145808326
356,history,17.07797193500963
356,humor,0.8596387745830947
356,humorous,0.5037308578208177
356,imdb top 250,0.6511473459035035
356,inspirational,39.388111547087796
356,intense,0.2421708131201101
356,interesting,0.17017470144458305
356,long,1.0028507514222664
356,love,4.144453486279066
356,love story,0.4764642859525402
356,masterpiece,0.9837205951826381
356,mental illness,3.198590466252817
356,military,1.249264359455022
356,multiple storylines,0.11756511434781426
356,narrated,2.8075841731843743
356,new york city,0.3676914757305319
356,original,0.21051854401676476
356,oscar (best picture),14.373148141110047
356,overrated,2.3186632570416017
356,philosophical,0.26088276753115014
356,political,0.22668188779130735
356,psychological,0.5077174607748532
356,psychology,16.380084378013517
356,quirky,10.386144987564212
356,quotable,6.066489461179658
356,racism,0.23170350260594622
356,realistic,0.19760923986026369
356,reflective,0.43647906294772887
356,romance,14.236162429248738
356,sad,1.8519359175099963
356,satire,0.21990729041896212
356,sentimental,6.064085806490514
356,sexuality,7.020046855395988
356,silly,0.5967329822062534
356,slow,0.17678347613249257
356,smart,0.19116829898793425
356,social commentary,0.22708130958899012
356,soundtrack,0.6618333130007369
356,special effects,0.3686928665413888
356,steven spielberg,0.20958244592866862
356,storytelling,0.6054105496801463
356,stupid,0.2120998881075257
356,surprise ending,0.191825213015776
356,thought-provoking,0.24155704037328554
356,tom hanks,43.53391061444442
356,too long,0.370802511204563
356,touching,20.234450279227108
356,unpredictable,0.20432153547185317
356,war,6.358504324314847
356,whimsical,3.4316043484682823
356,witty,0.46593969020877457
427,bad acting,0.22987402128902348
427,horror,0.34199128638614307
427,nudity (topless),0.23579114506190474
427,suspense,0.27558187971060927
427,thriller,0.29249473728916864
434,action,0.4740644252071014
434,clint eastwood,0.48055976825073743
434,heist,0.6908796621220452
434,organized crime,0.2432119454952735
434,thriller,0.4983996336276715
502,coming of age,0.25323691751275745
502,high school,0.5192392462443921
502,martial arts,2.250302812882832
502,revenge,0.391163194011296
502,romance,0.253499603815495
502,teen,0.24277272181851522
596,animation,3.4873287451256365
596,classic,1.597711460863022
596,cute,0.9268204410645096
596,disney,6.383010763674974
596,disturbing,0.20224345488106313
596,fairy tale,1.843077400410679
596,fantasy,1.4009891710914932
596,fun,0.448846744679629
596,magic,0.2990099852081059
596,music,0.8537999831396957
596,musical,0.27957390000422794
596,pixar,1.0840171415744155
596,weird,0.167664981960338
610,drugs,0.23432095838444575
610,fantasy,0.2874103233218193
610,gore,0.24523792022040913
610,inspirational,0.19339324033686092
610,nudity (full frontal),0.2732178620461907
610,nudity (topless),0.931365230635031
610,sci-fi,2.746331940908901
610,surreal,1.008819149050396
783,animation,1.741467580631856
783,based on a book,0.21215672529539706
783,dark,0.21799900493821742
783,disney,5.469618181248644
783,emotional,0.23102801947952797
783,heartwarming,0.15946620258485308
783,musical,2.1494587681123187
783,paris,2.9815449876360747
783,religion,0.5024039008654654
783,sentimental,1.2460448819284256
783,soundtrack,0.534030532790348
858,acting,5.705076946086961
858,action,0.8326443428758925
858,al pacino,24.920133417433174
858,assassin,0.24755810951602245
858,atmospheric,12.719455796625663
858,based on a book,8.879233150297281
858,boring,0.7611929656130653
858,christmas,0.22421859512744252
858,cinematography,2.79273311430227
858,classic,25.73323048534191
858,corruption,0.2419185064243518
858,crime,15.44867173328791
858,cult classic,0.8436539514741975
858,cult film,0.284692120746614
858,dark,3.1346737737564054
858,death,0.22161424244081396
858,drama,5.98823459681099
858,drugs,0.24276505654779612
858,ensemble cast,0.20502789731451937
858,epic,6.486008598135266
858,family,7.4658723456569565
858,father-son relationship,0.24838589181663745
858,good acting,0.2658786717026184
858,gore,0.22130154692018145
858,great acting,27.448099242422842
858,great cinematography,0.2225258492902261
858,great soundtrack,5.063009240101995
858,history,0.24249736402473193
858,imdb top 250,4.380913427507932
858,intense,0.20697731217842374
858,interesting,0.14161663034509628
858,long,0.31598971963807926
858,mafia,51.723608499639845
858,masterpiece,21.619448831763194
858,melancholy,5.928085047296042
858,murder,0.25726803139453597
858,music,4.634797220940696
858,new york city,4.855032848950684
858,nudity (topless),5.409615768304971
858,organized crime,30.572829343932323
858,oscar (best picture),12.057695127265037
858,overrated,1.181325557218831
858,philosophical,0.2173430902571959
858,politics,0.2268520891835174
858,racism,0.2115742195902486
858,relationships,0.20732848028799505
858,revenge,0.6899631406912026
858,robert de niro,11.568447435209047
858,soundtrack,2.227649289172975
858,storytelling,0.2817564668621344
858,stylized,1.0959472264021006
858,too long,5.459057749372015
858,violence,8.372753301623082
1007,acting,0.283875972032547
1007,dialogue,0.30363861098885536
1007,disney,0.4839459444795336
1007,funny,0.21987303532660007
1007,silly,0.25498925894498825
1241,absurd,1.5418336839293656
1241,black comedy,3.396730934812145
1241,cult classic,6.333648403974014
1241,cult film,6.633999852239981
1241,dark comedy,0.3197386381427447
1241,disturbing,0.2276482699519644
1241,funny,1.2280083801761412
1241,gore,4.6768562570838625
1241,hilarious,1.0008698873563275
1241,horror,1.7501062890539834
1241,murder,0.2759754271358252
1241,zombies,6.961553812323308
1284,atmospheric,0.18858411046498605
1284,based on a book,0.4694183700073224
1284,black and white,0.4154812015593052
1284,classic,0.7577614227775484
1284,crime,0.25893970413972406
1284,detective,0.28908910568206364
1284,dialogue,0.22979325732884517
1284,film noir,2.2902833744883537
1284,imdb top 250,1.061482920685387
1284,murder,0.23317139083875044
1284,mystery,0.45199443365518865
1284,neo-noir,0.36181529207539015
1284,suspense,0.22779454916488123
1284,thriller,0.3318680444632778
1562,action,1.8217097513277947
1562,artificial intelligence,0.18085938288081305
1562,atmospheric,0.33718562654026274
1562,bad acting,0.44574865101362177
1562,bad science,0.12014561157678859
1562,batman,6.164498648772092
1562,black comedy,0.24992479613355997
1562,car chase,0.20416242538963614
1562,cheesy,2.6108521225526644
1562,comic book,2.9266371660048707
1562,death,0.21688992309466482
1562,funny,1.9539972481031256
1562,george clooney,3.50912040909666
1562,heist,0.20484683661776018
1562,martial arts,0.2145802390335475
1562,murder,0.23173637472780637
1562,quotable,0.18117177179486627
1562,revenge,0.22548805913149525
1562,sequel,0.23609533223363863
1562,silly,2.878326423639475
1562,soundtrack,0.37331675920670604
1562,superhero,4.761408672902673
1562,surprise ending,0.1837072662387408
1562,violence,0.23859849061445104
1688,adventure,0.2843504303540939
1688,animation,4.466906991482961
1688,classic,0.44178499811296834
1688,cute,0.1718417017394279
1688,funny,0.28922724332018146
1688,great soundtrack,0.22737994344315976
1688,love,0.25747318654997736
1688,magic,0.5496296775366726
1688,music,2.006503942246373
1688,musical,0.5840076547244499
1688,romantic,1.0512941193857552
1688,soundtrack,0.5282288896369522
1688,strong female lead,0.5918303711764645
1688,witty,0.364756167834175
1960,acting,0.21383270258574108
1960,based on a true story,1.9006048881190243
1960,biography,1.3776196480989458
1960,boring,0.16198833422049097
1960,cinematography,2.2289879961476493
1960,epic,0.9483159543275834
1960,historical,0.27908927613967344
1960,history,0.5936154303064761
1960,japan,0.22068942948734682
1960,long,0.6136936592111063
1960,murder,0.22904521378835566
1960,music,0.2334032969181671
1960,oscar (best picture),1.7610916869985969
1960,prison,0.22840847138707576
1960,slow,0.15936207594595064
1960,suicide,0.24303299160184044
1960,too long,0.16582360320577497
1960,true story,0.2649865034368076
1960,visually stunning,0.15865439295670705
1960,war,0.5084543869803637
1960,world war ii,0.47464321067158655
1963,absurd,0.15483860485255718
1963,black comedy,0.541460587332646
1963,dark comedy,0.2783372707895397
1963,funny,0.3349401976156514
1963,mockumentary,0.7675143599510194
1963,narrated,0.2173243439612315
1963,prison,0.805792919526759
1963,satire,0.41444838035386056
1966,cerebral,0.17228243431869755
1966,christmas,0.20408075537394593
1966,dialogue driven,1.0021064576774257
1966,drama,0.18622426868036943
1966,intelligent,0.917392850064096
1966,new york city,1.187312717757468
1966,philosophy,0.23273123909408847
1966,quotable,0.21410261367068248
1966,witty,0.21506888676365768
1981,cheesy,0.6220051621397336
1981,funny,0.18945106050293697
1981,high school,0.1805372064639079
1981,new york city,0.15963374450802803
1981,serial killer,0.2809100802007474
1994,1980s,0.19251541531771238
1994,classic,0.1690428774964846
1994,creepy,1.1006000846391544
1994,family,0.6930055279517546
1994,fun,0.20012470648658495
1994,horror,2.4914969249515773
1994,love,0.24226172154562342
1994,steven spielberg,0.18506986204028866
1994,supernatural,0.7720853698364696
1994,suspense,2.376722267173952
1994,thriller,0.7142866333449109
2004,christmas,0.19281277343448575
2004,cult film,0.2129924637366734
2004,new york city,0.2752593601748469
2004,satire,0.16716953282973365
2004,satirical,0.16720629334905307
2004,sequel,0.6295322079600377
2004,social commentary,0.16176223331232273
2004,steven spielberg,0.33973300689322455
2004,surprise ending,0.1763117089614515
2022,based on a book,0.7968067815496583
2022,controversial,0.6729931314966004
2022,epic,0.18864289453265323
2022,long,0.28386812012825835
2022,love,0.24822459249373743
2022,martin scorsese,1.0122417469812168
2022,memory,0.19674928248951248
2022,murder,0.2612127534180782
2022,nudity (topless),0.47333296255429125
2022,religion,1.5981631445637148
2022,slow,0.17683303738895537
2022,soundtrack,0.19304882022217404
2022,storytelling,0.2707274975833404
2022,surrealism,0.4477891898454457
2022,violence,0.8083750168933828
2034,acting,0.42052413297719077
2034,bad science,0.9348392921614729
2034,dialogue,0.4924077662198167
2034,disney,1.1777619456183421
2034,robots,1.5848946692422032
2034,silly,0.6989242129430577
2034,space,1.415486287784903
2034,space travel,0.8108097542077304
2080,animation,4.332582002685916
2080,christmas,0.29553596689453665
2080,classic,0.8751012966470811
2080,disney,7.592730673893196
2080,drama,0.2522457970903729
2080,family,0.26928806874268457
2080,romance,1.7822178043056245
2080,romantic,0.2400863397655622
2163,bad acting,0.23576080178221068
2163,based on a book,0.2160807286078731
2163,cult film,0.5730509615462759
2163,funny,0.18183141434565187
2163,musical,0.46654163884079974
2163,parody,0.7603216767311096
2163,sci-fi,0.3077374116207163
2278,action,0.4781447323976747
2278,boring,0.20334012513359387
2278,car chase,6.0506594272187115
2278,crime,4.0337362954581995
2278,intelligent,2.6930053733887465
2278,mafia,0.6485293010537256
2278,organized crime,1.6411639118490562
2278,paris,0.23710101952155432
2278,robert de niro,2.4800184047135123
2278,thriller,0.6134918457109656
2278,violence,0.2751757722099622
2420,1980s,0.17594611340115224
2420,classic,3.2585271270502183
2420,comedy,0.46683715870327286
2420,coming of age,0.9696846574544906
2420,feel-good,0.1967438993415809
2420,inspirational,1.9614026318044226
2420,martial arts,6.7673172656051275
2420,violence,0.22648507303425244
2450,1980s,0.3085472938306268
2450,action,0.5314708669874363
2450,aliens,0.6535275950164694
2450,alternate reality,0.3830951899290085
2450,apocalypse,0.22047311257445007
2450,cheesy,0.17768809188085333
2450,comic book,0.2558428617419252
2450,cult classic,0.22202141224384164
2450,cult film,1.0499791884473686
2450,fun,0.17417141881541928
2450,funny,0.25488600962189506
2450,martial arts,0.21116244212098886
2450,marvel,0.416139389451557
2450,sci-fi,0.7508229006899566
2450,silly,0.15507696765128542
2450,superhero,0.24711257380496368
2580,black comedy,5.531693940633728
2580,car chase,0.4745951290947921
2580,christmas,0.7097799984630662
2580,comedy,2.988359651163868
2580,crime,0.2729825369135851
2580,cult film,0.23076120301450848
2580,dark comedy,0.5722042383118109
2580,drugs,5.591132364388543
2580,ensemble cast,0.15935953035233177
2580,funny,0.16603176164499897
2580,humorous,0.6166796126589745
2580,multiple storylines,2.4257724822009314
2580,nonlinear,0.44783170226813723
2580,nudity (topless),1.165255039844639
2580,revenge,0.44359339584003793
2580,storytelling,0.5857292627746409
2696,classic,0.24996627471164654
2696,clever,0.9657699468991031
2696,comedy,2.452858705412258
2696,dialogue driven,0.1798255005557286
2696,epic,0.22344157915366322
2696,funny,1.7752213464541868
2696,good acting,0.22295667866342947
2696,good dialogue,0.22492352292725915
2696,hilarious,0.26379379261481134
2696,paris,0.7984168461013224
2696,witty,0.274211143192492
2791,absurd,14.484074480390001
2791,classic,8.846669619063755
2791,clever,0.2799050487758379
2791,comedy,14.071970049416025
2791,dark comedy,1.535477489265467
2791,fun,0.27788318690616687
2791,funny,8.78869284921749
2791,genius,0.2995523906161422
2791,hilarious,5.05961301885149
2791,original,0.23400809941088271
2791,parody,16.100617496307287
2791,quotable,2.916061110985416
2791,romance,0.43888583588228275
2791,silly,4.899535057330471
2791,war,0.4073252775859688
2966,acting,0.2251604911327983
2966,based on a true story,0.7070356528301024
2966,biography,0.20910508992771307
2966,boring,0.8313641272022225
2966,disney,0.21810581700669396
2966,family,1.6758264268296106
2966,imdb top 250,0.12902830410813396
2966,inspirational,1.3175109627842903
2966,road trip,4.515880330564073
2966,slow,1.4579190773482638
3066,history,0.596872756784817
3066,japan,0.5520821721908057
3066,military,0.31224163491451357
3066,war,0.35585925824664255
3066,world war ii,2.9148923422655333
3074,atmospheric,1.9991270571338886
3074,based on a book,0.359492176427291
3074,gritty,0.7660665869423486
3074,revenge,0.17790810394854772
3074,survival,0.5652680437152202
3100,beautifully filmed,0.21600225305051676
3100,brad pitt,1.3825956807495692
3100,cinematography,1.8250196101382758
3100,classic,0.18196415209344455
3100,coming of age,0.20000805954138437
3100,father-son relationship,0.16871778611537247
3100,religion,0.22597334702454863
3152,bittersweet,0.28138558016651966
3152,black and white,0.34999191719925693
3152,christmas,0.22143131859405082
3152,coming of age,1.9259725040767894
3152,death,0.2140595310954032
3152,friendship,0.2184518738138133
3152,gay,0.21485588115260557
3152,high school,0.47621947288337985
3152,love,0.23028962182593934
3152,nudity (topless),0.3627832139453777
3152,reflective,0.3503785513794986
3152,sexuality,0.48008025581441305
3152,twist ending,0.15410164123699988
3201,classic,0.17872812838217467
3201,clever,0.1614271955785734
3201,cult film,0.20699582961182925
3201,existentialism,0.2039016408951215
3201,friendship,0.22445803523391672
3201,intellectual,0.18440613175197593
3201,jack nicholson,0.8229515401406153
3201,love,0.2361518159368128
3201,melancholy,0.18488562435099165
3201,nudity (topless),0.3797172206112101
3201,road trip,0.21702230037131445
3386,boring,0.38239885466975093
3386,conspiracy,1.2943794179282733
3386,controversial,1.0289005781180107
3386,death,0.22217995889092745
3386,dialogue,0.2703849130653237
3386,drama,0.26108150431690247
3386,ensemble cast,0.15893449336535445
3386,great acting,0.20355283417493888
3386,historical,1.45349895694872
3386,history,1.7596354198699093
3386,investigation,0.5217994304546556
3386,long,0.15579811439506316
3386,overrated,0.1653521666793447
3386,politics,4.2461784202200565
3386,thriller,0.24299123638162487
3386,true story,0.15102484595569732
3420,al pacino,1.3892435633983369
3420,comedy,0.282342783610026
3420,corruption,0.2596235024432341
3420,crime,0.2983382566107644
3420,drama,0.7338927565792273
3420,satire,0.17896853685379027
3420,suspense,0.2190529916021559
3528,based on a book,0.19736919017665297
3528,gay,0.23350958675842418
3528,intense,0.18194273161205732
3528,memory,0.194539065411854
3528,mental illness,0.21585977584924373
3528,new york city,0.1406403842869554
3528,rape,0.25908960621351396
3668,beautiful,0.452191284383243
3668,drama,0.2959066664969379
3668,love,0.3412693663076921
3668,realistic,0.1489132788370956
3668,romance,1.3757074595643923
3745,aliens,0.26567355466027887
3745,animation,2.4085716574990275
3745,apocalypse,0.28672834553053383
3745,cliche,0.1691267912777267
3745,cult film,0.2184023710788559
3745,dystopia,0.25082006296182396
3745,father-son relationship,0.1116058618201227
3745,future,0.47207034120851377
3745,futuristic,0.2705145784539281
3745,love,0.2369482796639204
3745,matt damon,0.1521414096735544
3745,murder,0.21414956161199863
3745,plot holes,0.18349322502824905
3745,post-apocalyptic,1.9360459316521883
3745,prison,0.2268875420914363
3745,sci-fi,2.3897210416184764
3745,space,3.5321096515655515
3745,space travel,2.5111561344054185
3745,violence,0.2500785696320236
3831,british,0.34594192067461627
3831,british comedy,0.9583625731797054
3831,comedy,0.36084239232924675
3831,drugs,1.2664956812714707
3831,england,0.6011809180180232
4155,cliche,0.4030706509947777
4155,drama,1.0002303724487622
4155,keanu reeves,1.387968922299998
4155,love,0.9036078035831452
4155,quirky,0.2253106879917058
4155,sad,0.7926389167706172
4155,twist ending,0.8865954925616583
4167,death,0.2971977141720277
4167,detective,0.31972976994735225
4167,humorous,0.21214749415715536
4167,new york city,0.21680910774955042
4167,nudity (topless),0.5778851661086082
4167,prison,0.35658444740154127
4167,revenge,0.5891191265903987
4167,suspense,0.24768848165317817
4167,violence,0.9974626690149306
4255,absurd,3.2940483633158864
4255,boring,0.5110623530753247
4255,funny,0.8478962551606329
4255,surreal,1.7632602658626195
4255,surrealism,1.087999724149704
4255,weird,1.0774141303698221
4255,witty,0.7992455060348699
4329,atmospheric,0.17298290560968588
4329,humorous,0.18601694855777945
4329,murder,0.4266896232962608
4329,quirky,0.5161880689783622
4329,tense,0.12913760127591306
4329,western,0.6910170099492801
4427,anthony hopkins,0.820052449706436
4427,christmas,0.40486564654175466
4427,england,0.1855732674315346
4427,father-son relationship,0.1635268565097993
4427,gay,0.21758706373247233
4427,great acting,0.2065958286776687
4427,great dialogue,0.16996097422458908
4427,great performances,0.38793190802651933
4427,historical,0.48855298634891103
4427,history,0.9357122653796349
4427,intelligent,0.5891951775224304
4427,witty,0.1628504595408837
4678,cult film,0.5122828136901466
4678,fun,0.444790925906629
4678,funny,0.2064790414273739
4678,parody,0.612248705966132
4678,quirky,1.3970972468023715
4678,satire,0.7642511827871203
4678,weird,0.24293890669941903
4995,acting,0.27549546260280267
4995,based on a book,7.354424247406639
4995,based on a true story,12.46556904631663
4995,biography,11.656642224894346
4995,boring,0.23461094516515732
4995,drama,9.050042577540584
4995,family,0.45627077894360935
4995,friendship,0.2725886892112238
4995,genius,29.110667551169172
4995,great soundtrack,0.8464864428973364
4995,history,4.949057392922102
4995,insanity,9.196290128301866
4995,inspirational,21.17950880933159
4995,intelligent,21.307817451557828
4995,love,1.503034802195336
4995,mathematics,34.49789538422574
4995,mental illness,23.00814952954748
4995,mindfuck,1.9477252197034398
4995,oscar (best picture),8.130182379299113
4995,overrated,0.19398008060668195
4995,plot twist,1.086365489773495
4995,psychology,46.88397159370629
4995,romance,10.612660514417097
4995,science,0.28416498181436745
4995,slow,0.4943935360932788
4995,slow paced,0.4673915175375799
4995,true story,18.399536058163022
4995,twist ending,10.993701032910424
5014,acting,0.28471693021059036
5014,bittersweet,0.15827558793127536
5014,feel-good,1.0954271297901867
5014,mental illness,1.99245956282203
5014,psychology,2.3056891714704446
5014,soundtrack,0.21508549058437348
5014,thought-provoking,0.931102594376103
5014,touching,1.1274481423137601
5014,unrealistic,0.44728041652635464
5027,action,0.2551139568289121
5027,comedy,0.26844198753436405
5027,crime,0.3656884597407447
5027,investigation,0.2707142209013303
5027,nudity (topless),0.17869658664696747
5027,prison,0.9476698581129313
5222,cute,0.5669825544787778
5222,gay,0.4995852615684271
5222,new york city,0.34196164169245297
5222,predictable,0.4513055056333542
5222,relationships,1.2175432831611273
5222,sexuality,3.228581591528289
5388,al pacino,6.621796150171258
5388,atmospheric,3.4465030265189167
5388,christopher nolan,6.336813775684547
5388,corruption,2.840144847812585
5388,dark,0.7013890076530716
5388,detective,4.859411030416024
5388,love,0.22357680557333692
5388,murder,2.759741515026126
5388,neo-noir,0.23748786748722703
5388,psychological,4.237279981912689
5388,psychology,3.6608495583419702
5388,remake,1.2800980861521096
5388,robin williams,7.1709016300319295
5388,soundtrack,0.22414697595194083
5388,thought-provoking,3.0466372246364894
5954,crime,1.1535023675539107
5954,dark,0.22882820881712132
5954,depressing,2.093946886228858
5954,drugs,2.1129779794356054
5954,edward norton,9.274687570595892
5954,friendship,1.3432727374528584
5954,homosexuality,0.2379357814979859
5954,japan,0.1721559873662698
5954,melancholy,0.2220987461029719
5954,new york city,1.194346676481531
5954,powerful ending,3.8937576738582256
5954,prison,0.2214413995926197
5954,psychology,2.5021918615245298
5954,surrealism,0.2253774543794302
6440,apocalypse,0.20893571106225528
6440,black comedy,0.2726007838559025
6440,cinematography,0.26696554084841684
6440,coen brothers,6.6908810216717525
6440,cult film,0.26162595445742354
6440,dark comedy,0.26489884552784204
6440,disturbing,3.1126393226390103
6440,hallucinatory,4.253817366376952
6440,murder,0.2167671539557798
6440,neo-noir,0.22952302759095516
6440,new york city,0.4404503049026923
6440,quirky,4.995287995061113
6440,satire,0.21595562247947683
6440,serial killer,0.24746494355923582
6440,stylized,2.0450671136731637
6440,surprise ending,0.19869073661901843
6440,surreal,2.324314174368172
6440,surrealism,0.2886536392557747
6440,twist,1.0303175604591768
6440,weird,0.9966572933271527
6541,alternate reality,0.19793373739063183
6541,comic book,2.8300169032275853
6541,cult film,0.25305178828655217
6541,england,0.19577407872373903
6541,gothic,3.3054981816413123
6541,martial arts,0.24258429058238692
6541,murder,0.24084687464664445
6541,nazis,0.23196520352596953
6541,suicide,0.2556407843668271
6541,superhero,1.7464369090583511
6541,supernatural,0.2522302705971203
6541,surprise ending,0.1945802730176298
6541,too long,0.16039010856685967
6541,vampires,2.955816642009273
6541,violence,0.2514944165656022
6650,based on a book,0.5344487706812235
6650,black and white,0.531210966255016
6650,black comedy,0.7438779108392926
6650,british comedy,0.5072270184280766
6650,cliche,0.17268466367016708
6650,comedy,0.27300775964108726
6650,dark comedy,0.2528749270335076
6650,drama,0.2224721248187716
6650,england,0.39381717485939244
6650,family,0.23883329408745918
6650,friendship,0.22635597277373548
6650,humorous,0.599530037254476
6650,imdb top 250,0.2590992397266873
6650,murder,0.7493085293545605
6650,narrated,0.19538742431572506
6650,plot twist,0.1709099126358827
6650,prison,0.4757945792702068
6650,revenge,0.21744354384995643
6650,satire,0.3865421334708667
6650,satirical,0.20719690438034752
6650,serial killer,1.429281156582217
6650,storytelling,0.27150707460112045
6650,suicide,0.26761793619583524
6650,witty,0.9280600781789068
6755,comedy,1.273176089114598
6755,cult classic,0.24107943714492852
6755,cult film,0.4894281486932804
6755,death,0.22885312101907201
6755,funny,0.1581993451507555
6755,great soundtrack,0.16188216348075204
6755,hilarious,0.608760841392182
6755,horror,0.25629462151063814
6755,martial arts,0.2249233846200837
6755,mental illness,0.9193618348467782
6755,quirky,1.6168116185350627
6867,cute,0.5640541229929243
6867,friendship,5.050396283668347
6867,loneliness,9.424274032236088
6867,melancholy,2.550652500677065
6867,quirky,4.860739991668312
6867,satirical,1.4884548776688566
6867,slow paced,0.4016124751166941
6867,touching,0.24206297546096728
6953,boring,0.21839195081762447
6953,crime,0.2466027819948971
6953,death,3.903475680202246
6953,depressing,0.9888632643452795
6953,drama,1.3158500555061525
6953,intense,0.23108960602693496
6953,melancholy,1.249540846133905
6953,multiple storylines,2.53569491653304
6953,murder,0.5160920809442624
6953,nonlinear,3.326472653141639
6953,nudity (topless),0.42920744025076807
6953,psychological,7.124084727012251
6953,realistic,1.190393402593807
6953,religion,3.046070112892897
6953,remake,0.4012998958079579
6953,revenge,0.4445442831316314
6953,slow,0.18317369498597208
6953,storytelling,0.2964891534607122
6953,thriller,0.2542504167575745
6953,violent,0.25926214876543185
7460,atmospheric,1.6373664491864688
7460,bill murray,3.143330471284354
7460,black and white,3.1683563008904456
7460,boring,0.20052524813327868
7460,dialogue,2.102304344642453
7460,dialogue driven,1.4054646315007675
7460,good dialogue,0.23853236033563624
7460,surreal,1.2025362612516846
8607,anime,4.9633682638569905
8607,black comedy,0.26903495793381044
8607,car chase,0.20471868200167534
8607,christmas,1.5638680756092072
8607,comedy,0.3021822760662725
8607,dark comedy,0.25674175273987554
8607,drama,0.24618961532269754
8607,family,0.5384168581335576
8607,funny,0.14827824491827238
8607,japan,0.7365956077826958
8607,multiple storylines,0.1100371706855273
8607,overrated,0.1680835547466432
8607,social commentary,0.2093186158807047
8607,surrealism,0.24297606495599594
8633,1980s,0.8030763154412494
8633,aliens,0.8205061719820993
8633,bad acting,0.165418115932317
8633,cheesy,0.3954232789306755
8633,space,1.482454509474337
8947,atmospheric,0.22279706923382994
8947,horror,2.5900884345173836
8947,japan,1.4891223064732069
8947,nonlinear,0.24140563309985272
8947,remake,2.111018669245572
8947,suicide,0.26361856115491766
27721,based on a book,0.19058681441539968
27721,boring,0.18016110312331607
27721,confusing,0.20201771225884696
27721,depressing,0.18261673282486973
27721,paris,0.22688293077603536
27721,romance,2.154936335384846
27721,slow paced,0.17483567115333346
27721,war,0.26009074777916624
30707,bittersweet,5.220905906214976
30707,cheesy,0.18670284498919051
30707,clint eastwood,11.276576926358823
30707,dark,4.012132456665472
30707,dark hero,0.18609226387330177
30707,death,0.23677300946518495
30707,depressing,2.5032637824473967
30707,drama,8.051827104829405
30707,emotional,4.253583683788965
30707,england,0.17375617040235106
30707,friendship,0.427132017071276
30707,good acting,0.424857932867604
30707,great acting,0.8139497732421891
30707,gritty,3.557044037596966
30707,imdb top 250,0.8757708680922869
30707,inspirational,2.707559494310632
30707,intense,0.42736122815847777
30707,morgan freeman,10.882984912482424
30707,murder,0.22930397627856633
30707,mythology,0.22656679377829486
30707,narrated,3.0331582377841775
30707,oscar (best picture),3.6212965463614863
30707,overrated,0.5342876521338537
30707,philosophical,0.221731191552527
30707,predictable,0.185124241866016
30707,road trip,0.17627842313291694
30707,sad,0.7695350503481247
30707,slow,0.1828456714505318
30707,slow paced,0.2035153785278026
30707,social commentary,4.8427916297322495
30707,strong female lead,2.627152245846981
30707,suicide,2.348056951828607
30707,thought-provoking,6.4651819484367605
30707,violence,2.971601810656836
30749,based on a true story,5.096503140314048
30749,biography,0.2572916969617648
30749,classic,0.6211888110107284
30749,death,0.2890888721002305
30749,depressing,3.8731204518208315
30749,drama,3.8440986368966437
30749,family,0.2528695884761931
30749,history,9.230545709243739
30749,imdb top 250,0.5847818705431641
30749,murder,0.29613835564205415
30749,racism,4.753907103455909
30749,sad,0.22392298381791337
30749,survival,6.843670667615816
30749,thriller,0.8662586674932589
30749,true story,9.093560852808332
30749,violence,1.0393312572801519
30749,war,6.76667413868747
32017,action,0.208204129897058
32017,disney,0.244628277386073
32017,espionage,0.2139875316992402
32017,family,0.7354829860360999
32017,predictable,0.17094818996265532
32017,spy,0.23276251922361552
40339,aliens,1.0475024646148086
40339,animation,0.9974389258358214
40339,coming of age,0.3672119503891146
40339,cute,0.1844078073153893
40339,disney,1.354536077820919
40339,father-son relationship,0.3091056246233925
40339,funny,0.3422056219817416
40339,pixar,0.5868468846420984
40339,silly,0.39823190092637734
43836,comedy,1.3224166099148518
43836,crime,0.5183941395763232
43836,cult film,0.2117953392534943
43836,death,0.2327528516430471
43836,heist,0.2154994976091183
43836,investigation,0.9400582239031792
43836,murder,0.25445767133970254
43836,mystery,0.25149084234262925
43836,new york city,0.17246171608567237
43836,parody,0.23080902301659018
43836,remake,0.6786803983711343
43836,spy,0.25936715556150775
45442,boring,0.20836965954058792
45442,predictable,1.0215152643512988
45442,remake,0.47237702790233826
45442,survival,0.7991264685988426
45442,suspense,0.21639247514205437
45442,unrealistic,1.0596369237584227
47997,black comedy,0.3090020404782838
47997,car chase,0.20581345235047763
47997,cult film,0.22059105158766765
47997,dark comedy,10.600116189582602
47997,dystopia,13.921381839590088
47997,friendship,0.22301091343543666
47997,funny,0.6015390597581696
47997,future,6.636640878842446
47997,futuristic,0.2495334519179326
47997,genius,0.8803469719295215
47997,military,0.1906143783108599
47997,narrated,0.41458430861693985
47997,overrated,0.21014084897288485
47997,politics,0.26682123983373673
47997,prison,0.2321001206061797
47997,satire,12.007081112351973
47997,satirical,0.293653075675296
47997,social commentary,10.322045958661741
47997,space,0.22488850736042518
47997,stupid,0.45147424600906727
47997,surprise ending,0.16046217958509787
47997,thought-provoking,3.7236889419820804
47997,time travel,1.1759215762050679
48385,absurd,0.9570291525650995
48385,boring,0.7729257045777083
48385,classic,0.23748875496776303
48385,comedy,11.784836649657436
48385,controversial,15.283590400971374
48385,crude humor,19.198156926726952
48385,feminism,0.5695794790256928
48385,funny,9.902317437080804
48385,hilarious,2.2518931188178626
48385,love,0.2293840143417697
48385,mockumentary,17.170444663138465
48385,new york city,0.6993066610331521
48385,nudity (full frontal),3.710063815777539
48385,overrated,0.8523240235212699
48385,quotable,1.2656561094457088
48385,racism,4.424609434430022
48385,road trip,5.28630099408281
48385,satire,25.476507017315548
48385,social commentary,13.992546174456091
48385,weird,0.20209078749536516
49272,action,11.683470734499965
49272,adventure,0.2671812964333205
49272,assassin,4.342193191032207
49272,based on a book,0.19039708223639107
49272,bittersweet,1.3593403877450536
49272,car chase,0.24424099255507098
49272,cult film,0.23269967906411076
49272,death,0.24137675918746104
49272,england,1.0225510130994688
49272,espionage,20.31168286810414
49272,great dialogue,0.14703510873774692
49272,long,0.15524905845550932
49272,martial arts,0.2554119542207434
49272,murder,0.5270931727046743
49272,plot twist,0.20263525783819694
49272,realistic,0.15321467357439994
49272,romance,0.5363716595255891
49272,sequel,0.7143557321352498
49272,spy,10.991912456714394
49272,suicide,0.2669690878818969
49272,surprise ending,0.19953570997509978
49272,suspense,1.2530495621619762
49272,thriller,6.663313947159494
49272,too long,1.021253988853122
49272,violence,0.7512018445188758
49932,atmospheric,3.839246408808596
49932,boring,1.571591981453821
49932,cinematography,2.3602594503216325
49932,confusing,0.8221666743589002
49932,dark,1.9814432598943785
49932,disturbing,5.718300721358983
49932,dreamlike,0.29158427683329674
49932,long,0.165937893863382
49932,mindfuck,4.318302984326339
49932,murder,0.4515441722021653
49932,nudity (topless),0.4255258534175549
49932,slow,0.4349476715693107
49932,stylized,0.2257285527171303
49932,surreal,9.514683294714542
49932,unique,3.199400064606504
49932,weird,4.607184136278775
53000,action,0.38958648990328404
53000,death,0.30562585594696795
53000,england,0.1866146559896803
53000,gore,0.23517667969949665
53000,military,0.7933573011480468
53000,music,0.23899341207483013
53000,plot holes,0.1871100586478019
53000,post-apocalyptic,8.97694737900124
53000,sequel,1.5159563177345408
53000,supernatural,0.22760670487723444
53000,surprise ending,0.18916245238060672
53000,survival,3.3979747461507452
53000,violence,0.27590510916838523
53000,zombies,9.52635649472284
53519,black comedy,0.25855519543883615
53519,car chase,6.3314993272079265
53519,dark comedy,0.26026464978115227
53519,dialogue,3.3090622421454494
53519,feminism,1.5700617600340656
53519,friendship,0.19240516676211558
53519,gore,0.4404825472385549
53519,great dialogue,3.7796346282728384
53519,great soundtrack,5.030982596071844
53519,murder,0.24645847246279204
53519,overrated,0.3637894032462259
53519,quentin tarantino,9.60748944742309
53519,revenge,1.7798471395902842
53519,slow,1.5204698881242684
53519,slow paced,4.347059725011044
53519,stylish,2.0970216958436816
53519,stylized,2.582210622097859
53519,too long,1.6975007912953752
53519,violence,1.5457675459774887
53519,violent,0.50780226795035
55805,acting,1.1845372858757184
55805,crime,0.22057713014562486
55805,death,0.19613238648403417
55805,drama,0.20311733104741375
55805,drugs,0.5927727507978844
55805,investigation,0.18731524121242663
55805,murder,0.2118630110188413
55805,neo-noir,0.19909934275552055
55805,new york city,0.24806267908489746
55805,nonlinear,0.9748029855679421
55805,nudity (topless),1.6386892929324628
55805,sad,0.13868540047940628
55805,social commentary,0.3434346981967489
55805,tense,0.5339363556397095
55805,thriller,0.22693997745026542
55805,violence,0.21835870715629987
61248,action,0.7207892844943624
61248,car chase,0.3169457339323484
61248,cheesy,0.16857020222605804
61248,dystopia,0.21680008046902144
61248,gore,0.2141912919588578
61248,predictable,0.17843801079270166
61248,prison,0.24160946065034622
61248,remake,0.8874648280938466
61248,violence,1.1156065964698791
64620,based on a true story,4.533999231929073
64620,boring,0.6489834317439038
64620,good acting,1.0873552494775063
64620,historical,0.616324745118618
64620,history,5.6039694453380555
64620,intelligent,0.19968587957149328
64620,politics,6.992670753239337
64620,suspense,1.7922302478781114
64620,true story,1.4548732943546314
65514,action,4.899943708591369
65514,biography,2.8063850114320186
65514,cliche,0.2040870428347408
65514,drama,0.7706950002817938
65514,family,0.22003668224691747
65514,inspirational,0.6123280161377137
65514,martial arts,14.609988768185888
65514,predictable,0.16268199384586896
65514,racism,0.2577042154331303
66097,alternate reality,12.328004084765576
66097,animation,15.007551881056207
66097,atmospheric,0.9422269040658733
66097,based on a book,6.205756696069903
66097,boring,0.43946724649248525
66097,creepy,10.440560860974301
66097,dark,13.205177662703392
66097,depressing,0.2413432211006799
66097,dystopia,5.038269074198007
66097,fairy tale,8.567377320327768
66097,fantasy,4.217449164121266
66097,fantasy world,6.180813734910705
66097,gothic,8.067141038448817
66097,overrated,0.1802076552120743
66097,slow,0.5697360802774452
66097,storytelling,2.2156676476059314
66097,surreal,18.03983522166245
66097,thought-provoking,0.2208213051471355
66097,tim burton,5.4673270903269415
66097,unique,0.20695196525271176
66097,visually appealing,0.26132993126562365
66097,visually stunning,9.418011379236363
66097,whimsical,0.5766771877102562
72733,based on a true story,0.39434160990105277
72733,biography,0.24357234964951535
72733,clint eastwood,1.8782863002724766
72733,drama,0.1897304208832793
72733,matt damon,1.6869864022677266
72733,morgan freeman,2.757809462992451
72733,politics,0.2708135894288055
72733,racism,1.0837042835267152
72998,action,2.2543499051438936
72998,adventure,0.28947508142378464
72998,aliens,25.194446030714026
72998,animation,0.2742198152986706
72998,bad science,4.981048579033021
72998,beautiful,6.948424969477578
72998,beautiful scenery,25.899335454464737
72998,boring,0.23987300985331547
72998,cinematography,2.382687808611155
72998,cliche,2.6775298147374325
72998,dialogue,0.2748719122577793
72998,drama,2.803804115453967
72998,epic,2.7931253972466963
72998,fantasy,6.750476120501627
72998,funny,0.3258928671051566
72998,future,0.4987347022030606
72998,futuristic,36.460368226141874
72998,great soundtrack,0.41423341373257316
72998,happy ending,0.17030472171947814
72998,heartwarming,0.16750021616289948
72998,imdb top 250,1.9822935451081996
72998,intense,0.21983537367697017
72998,long,2.823144828733342
72998,love story,0.19065924515296281
72998,military,8.7292427448071
72998,music,7.920134940341955
72998,mythology,4.834653651808006
72998,overrated,0.5597142839193112
72998,philosophical,0.286328665589351
72998,politics,6.0233109480549345
72998,predictable,16.659400697158144
72998,racism,7.398140453464229
72998,robots,0.2668713333549023
72998,romance,10.819563220229984
72998,sci-fi,46.24782001342619
72998,science,0.2742220211374609
72998,science fiction,11.669895875372966
72998,social commentary,4.4046186559075124
72998,space,2.3995025868184086
72998,space travel,0.6939143175201026
72998,special effects,11.334891269443789
72998,surreal,0.20780608762701963
72998,technology,2.1966911107010105
72998,thought-provoking,14.490767125608254
72998,too long,7.360659850954689
72998,unrealistic,0.1835198245610341
72998,violent,1.8396736442226254
72998,virtual reality,0.5789533004394526
72998,visually appealing,4.952470029575196
72998,visually stunning,30.181105322245617
72998,war,6.885422387105232
73344,acting,0.2747901626136325
73344,cinematography,2.3464097931981085
73344,corruption,0.25890102032401147
73344,drugs,0.2584633011746844
73344,great acting,1.0423389094926063
73344,gritty,1.1102909371256828
73344,long,0.6367935898169031
73344,mafia,2.822403349810176
73344,overrated,0.354202575015801
73344,prison,2.274774620309472
73344,psychology,0.6458419555119265
85412,action,0.22128943353891373
85412,adventure,0.305509042774522
85412,atmospheric,1.9141946065311248
85412,bad acting,0.3918370089502396
85412,boring,0.4524365616527116
85412,comedy,0.30710215150963427
85412,conspiracy,2.2992335729624918
85412,fantasy,0.2874711151213147
85412,horror,0.3051099736330121
85412,mindfuck,0.13808288882638134
85412,mockumentary,5.3191992438596145
85412,mythology,6.802567787448929
85412,original,0.6757177272942705
85412,religion,0.8436707913560766
89904,black and white,2.597143518347894
89904,boring,1.2344432380638624
89904,cinematography,1.5037963532849208
89904,drama,0.5944131546809027
89904,emotional,0.20712468603561665
89904,original,4.18713192424541
89904,oscar (best picture),2.1087088235040787
89904,overrated,0.1659903948998143
89904,romance,2.3221413852163058
89904,sentimental,0.20542685609182407
89904,silly,0.1669024906538684
89904,visually appealing,4.308879242048382
90405,anti-hero,0.21345297395911994
90405,boring,0.23421462296173173
90405,car chase,0.4506388591815544
90405,cheesy,4.148273789933882
90405,corruption,4.146327893964706
90405,crime,1.7348338442121416
90405,cyberpunk,0.23297544492029207
90405,death,0.26321833005381956
90405,detective,0.237227009386859
90405,dystopia,17.375362706816713
90405,existentialism,0.25572793891889944
90405,future,9.86800213861485
90405,love,0.2428447544850685
90405,murder,0.260986372259342
90405,original,3.7479089650267143
90405,plot holes,4.676053802436319
90405,predictable,0.43746515384370116
90405,reflective,0.6908506845042093
90405,revenge,0.2273774344878143
90405,sci-fi,16.743923086011264
90405,social commentary,7.84342546048523
90405,suicide,0.5410034328933916
90405,surprise ending,0.1860894775018096
90405,suspense,3.1548289322002505
90405,thought-provoking,11.143613786346927
90405,thriller,0.9586901450865841
90405,violence,0.2623748040841843
90430,acting,0.3575087194872457
90430,dark comedy,1.7815567289079937
90430,dialogue,1.902657049894333
90430,dialogue driven,1.0634558598435886
90430,drama,0.30045429180527844
90430,ensemble cast,1.7604515694010143
90430,good acting,6.0481680606158905
90430,psychological,1.3952000326343945
90430,psychology,0.7579430060487398
90430,satire,4.503611228682778
90430,satirical,0.2877199879392635
90430,social commentary,4.35197384403223
106782,1980s,1.4813100542026931
106782,action,0.21320400527231162
106782,anti-hero,12.328894308803225
106782,based on a book,3.9755405558601553
106782,based on a true story,15.72652347333386
106782,biography,0.6424621799640924
106782,black comedy,0.5394651006967279
106782,comedy,0.30054304145446936
106782,corruption,2.4733969988228446
106782,crime,1.0932409608351694
106782,dark,0.2000958867150353
106782,dark comedy,4.175409866853058
106782,dialogue,0.26133137722567434
106782,drama,0.7496996134767671
106782,drugs,17.36646718227471
106782,father-son relationship,0.24002954120700767
106782,funny,11.93819032174578
106782,great acting,16.122390150214063
106782,great soundtrack,0.34447190375805864
106782,historical,0.2193693747306378
106782,humor,1.384105286328122
106782,imdb top 250,0.16859850585663966
106782,intense,7.6236303220818735
106782,leonardo dicaprio,30.51405516028529
106782,long,5.45756173186166
106782,martin scorsese,17.507949196508534
106782,narrated,0.19421670119047724
106782,new york city,0.7110202726750382
106782,nudity (full frontal),14.388550571165979
106782,nudity (topless),11.14073060753347
106782,predictable,0.20765329401537375
106782,satire,3.1550444176782184
106782,sexuality,0.2871780680248556
106782,social commentary,4.700484769007958
106782,soundtrack,0.18704294066938132
106782,stupid,1.8635426583565726
106782,thought-provoking,8.205901167697556
106782,true story,8.700060272508946
106782,unrealistic,0.3355805207202739
106782,violence,0.25762634090459646
106782,visually appealing,12.946977190058467
111362,action,2.9399864162368035
111362,artificial intelligence,0.20279168390112406
111362,comedy,0.27474968758888724
111362,comic book,1.5407920832826765
111362,cyberpunk,0.20936751258786676
111362,death,0.23278422141220512
111362,dialogue,0.2410320385597737
111362,disney,0.261123913521992
111362,dystopia,0.2122219813556024
111362,ensemble cast,0.18311276846854924
111362,funny,0.1280735050634731
111362,martial arts,0.23875426468950492
111362,marvel,8.587365372598258
111362,military,0.37682135802294525
111362,murder,0.2222211925750144
111362,new york city,0.14923180358103907
111362,nonlinear,0.12136583764378618
111362,paris,0.1961296712991032
111362,prison,0.21465657970232027
111362,revenge,0.21592869084419275
111362,sci-fi,2.6372354330825725
111362,science fiction,1.4612587906452188
111362,sequel,0.9714578114805636
111362,social commentary,0.16649743309244514
111362,special effects,0.22316150646656752
111362,superhero,12.979186332603701
111362,surprise ending,0.18387840908793052
111362,surrealism,0.23438064664000327
111362,survival,0.22038044818881444
111362,suspense,0.19821523880449737
111362,time travel,10.143100050909414
111362,violence,0.24415533579431656
113348,action,0.6327331884388339
113348,comic book,1.0659813854264375
113348,conspiracy,0.19300103882804168
113348,fun,0.17831120494926392
113348,martial arts,0.9665199236103124
113348,new york city,0.1489035100445996
113348,plot holes,0.1563913419729012
113348,remake,0.21620968080039116
113348,silly,0.14905109277657005
113348,superhero,0.8135831703252175
113348,surprise ending,0.1726348217804158
113348,violence,0.24542147338087128
122896,action,0.22308147762362895
122896,adventure,1.1881870922741589
122896,dark,0.2269335227054462
122896,disney,0.3320950757499719
122896,fantasy,0.5280896937639444
122896,funny,0.46310561053854016
122896,johnny depp,2.9703173062183184
122896,plot holes,0.44801465863675144
122896,sequel,2.400645046361855
122896,special effects,0.787966255601999
122896,violence,0.7383705360282744
122896,violent,0.228231692653999
122898,apocalypse,0.24123583473030383
122898,assassin,0.25700076723455634
122898,batman,3.169189097505295
122898,comic book,0.29663909544923056
122898,dark hero,0.2527344076129861
122898,death,0.2232790264018605
122898,dialogue,0.22404537028933064
122898,ensemble cast,0.441001577757847
122898,humor,0.20317610319709034
122898,investigation,0.20101390959674112
122898,martial arts,0.23612552463319622
122898,marvel,0.26539045477909473
122898,murder,0.22526167825070478
122898,prison,0.217001429081344
122898,sequel,0.2275947768684491
122898,superhero,3.482417354010977
122898,surrealism,0.20896543614717633
122898,technology,0.18084827935387032
122898,violence,0.24271170229974517
122906,absurd,0.3020948149706089
122906,action,1.0309984926878974
122906,adventure,0.2389542151008318
122906,bad acting,0.20209612023580625
122906,car chase,0.5731385050112294
122906,comic book,4.990914294650312
122906,conspiracy,0.21418574682276728
122906,cult film,0.21415408619415727
122906,death,0.2117059657677895
122906,espionage,0.2060545445298722
122906,family,2.014350508719727
122906,feminism,1.8731218229247408
122906,friendship,0.20025782551767166
122906,future,0.2043059602242523
122906,futuristic,0.21916009785743387
122906,inspirational,0.1959432759841048
122906,martial arts,0.7224351099422266
122906,marvel,14.8530148423011
122906,military,1.3237732258541124
122906,murder,0.2157205878019419
122906,music,0.22694333850024564
122906,mythology,0.24267128407733105
122906,overrated,0.1712295732244488
122906,politics,0.20565967132597138
122906,predictable,5.14251813686714
122906,racism,5.5142050014279
122906,revenge,0.2091426021157363
122906,sci-fi,2.62717818531071
122906,sequel,0.21921582661348402
122906,social commentary,9.517018888430902
122906,soundtrack,0.822535403895763
122906,spy,0.22217288917398909
122906,strong female lead,0.9976520525865342
122906,superhero,17.06503260358828
122906,surprise ending,0.1737999330272069
122906,surrealism,0.22160061531770178
122906,suspense,0.1964293831098028
122906,technology,0.7159842538653286
122906,violence,0.24748502755268462
125916,bad acting,0.236744776733866
125916,based on a book,2.6746688435626464
125916,boring,0.8142576727689961
125916,chick flick,0.4523206267745123
125916,drama,0.28157312144019286
125916,fantasy,0.3038905403113256
125916,love,1.7217199979959248
125916,nudity (topless),1.9103343465599405
125916,plot holes,1.2799550837229394
125916,psychological,0.276818942329655
125916,sexuality,2.4425959866231595
125916,soundtrack,0.38788312365975947
125916,stupid,2.1445156712597013
130634,action,1.8913666490170595
130634,car chase,2.8270168942365332
130634,crime,0.5386481774778201
130634,drama,0.5033916968723823
130634,emotional,0.2220293046549371
130634,ensemble cast,0.30617516621433455
130634,family,0.42221402081436127
130634,great soundtrack,0.3783580523755016
130634,happy ending,1.386131927907038
130634,heist,0.2268171276233784
130634,humorous,0.20201564610820927
130634,long,0.1533976694543476
130634,plot holes,0.19181962066317257
130634,revenge,1.7107066050171853
130634,silly,0.19829864369797814
130634,stupid,0.2131580032204112
130634,suspense,0.4475252440777318
130634,technology,0.18574590383939546
130634,thriller,0.25907775376961656
130634,unrealistic,0.4729016646742821
134130,based on a book,1.4754442787597977
134130,cheesy,0.21295375248955745
134130,comedy,0.26427203563950835
134130,dialogue,0.4919068349619422
134130,family,0.2057429926841952
134130,friendship,0.22773440086996055
134130,funny,5.497910725300847
134130,humor,0.2672031935599031
134130,humorous,0.19787026628547275
134130,loneliness,0.2553897949558122
134130,mathematics,0.22995638239952312
134130,matt damon,13.38900103845634
134130,overrated,4.688663806342924
134130,realistic,17.46857647810895
134130,sci-fi,36.23581753619964
134130,science,21.495734670504387
134130,science fiction,1.100097365611756
134130,slow,0.19694391327266772
134130,smart,11.207127085773841
134130,space,48.73474097609139
134130,space travel,27.60687549264968
134130,surprise ending,0.1498258976292109
134130,survival,19.135151927430055
134130,too long,0.5682294025154174
134130,unrealistic,0.1794319141981166
134130,witty,0.3952293782230595
135141,action,0.2264216129822055
135141,bad science,0.1329486336656223
135141,based on a book,0.7880921734281745
135141,conspiracy,0.23321809676864486
135141,corruption,0.23275322254057826
135141,dystopia,2.9548901188428753
135141,futuristic,0.24432783691931192
135141,martial arts,0.24590039523098411
135141,memory,0.1916322528978619
135141,plot holes,0.9376706636324526
135141,plot twist,0.1856364196470726
135141,predictable,0.5687504753448247
135141,revenge,0.23617391342913188
135141,sequel,1.3462782037186334
135141,social commentary,0.19845496797860843
135141,surrealism,0.23867148659595355
135141,technology,0.1969286136798502
135141,violence,0.27700327007708647
141866,action,0.6894794062058875
141866,atmospheric,0.20684208809619858
141866,cheesy,0.1951333254418045
141866,cinematography,0.4923685705883706
141866,confusing,0.130959483553414
141866,drugs,0.8327543428317111
141866,gore,1.1671336923751074
141866,murder,0.2910292855409718
141866,music,0.5703864169723176
141866,revenge,1.3167463097016554
141866,stylish,0.21556966215687454
141866,stylized,0.20744042348845926
141866,survival,5.993886757976638
141866,suspense,1.6672080564694325
141866,thriller,3.4489459680037555
141866,violence,0.3246911323417431
141866,war,0.5561035492635787
148626,based on a book,1.455140512564726
148626,based on a true story,2.134820546144711
148626,biography,0.20964403222731248
148626,brad pitt,2.9101482006401116
148626,christian bale,9.486594237150117
148626,corruption,1.0370797517900392
148626,dark humor,0.2004271423734865
148626,depressing,0.19793297384973543
148626,dialogue,0.2343101516644361
148626,documentary,5.3385568674043915
148626,drama,0.22669981681226686
148626,ensemble cast,1.1100656680438292
148626,funny,5.7218820800064805
148626,good acting,0.9256961983495687
148626,great soundtrack,2.2473507801635924
148626,interesting,10.389143229678904
148626,mockumentary,0.17431276387244973
148626,multiple storylines,0.33338257675018435
148626,new york city,1.4024302843595813
148626,nudity (topless),0.990214970417386
148626,political,10.853225429745144
148626,ryan gosling,4.093252223648249
148626,satire,0.20223674556578955
148626,sexuality,0.23407254787503387
148626,silly,0.1942563417098386
148626,social commentary,3.207066232372701
148626,soundtrack,1.2292595186280577
148626,suicide,0.22778041276289931
148626,true story,15.06852830311051
148626,witty,8.044717142320874
159858,based on a true story,0.6017807698450409
159858,england,1.1008507334718518
159858,family,0.22405540858799555
159858,horror,0.3775284633321582
159858,religion,0.5342410910697211
159858,sequel,0.23759988976537055
159858,supernatural,6.055803650383199
187717,based on a true story,1.0462005866863646
187717,biography,2.2537071081784976
187717,documentary,2.8436312648866857
187717,emotional,0.7846141347338346
187717,heartwarming,2.5441757177135775
187717,love,1.8539873548483445
187717,tom hanks,0.1676132906137443
194951,apocalypse,2.8832899923191255
194951,atmospheric,1.4683971976511603
194951,based on a book,0.40663056788447094
194951,boring,0.7308133919904758
194951,creepy,1.3147995305411957
194951,drama,1.294470597271119
194951,dystopia,8.37414399287248
194951,future,0.22814776401581435
194951,horror,5.966999773511151
194951,nonlinear,0.1320321020180488
194951,overrated,1.193611743066899
194951,plot holes,1.5981532884293996
194951,post-apocalyptic,13.755256151983438
194951,predictable,0.4319179386994751
194951,slow paced,1.3262080279562403
194951,suicide,4.473650150497755
194951,survival,12.360042483803438
194951,suspense,2.1673648229573956
194951,thriller,5.823235771629248
254726,adventure,0.3100032678060953
254726,assassin,0.609613978381429
254726,atmospheric,10.45862367314722
254726,bad science,0.15667127758088345
254726,based on a book,11.16792128842207
254726,boring,7.157359456989356
254726,cinematography,0.8419743202179959
254726,complicated,0.19858597869837377
254726,confusing,0.1417166611483558
254726,depressing,0.23488814486945803
254726,dreams,2.0375283388194227
254726,drugs,1.423588793952412
254726,epic,0.18438124832334032
254726,espionage,0.256455862675308
254726,future,2.2224729840973474
254726,intense,0.2164492171516635
254726,music,0.2747227676953531
254726,overrated,2.162160169060637
254726,philosophical,4.643903004609406
254726,plot holes,0.20973491552195955
254726,politics,8.883955304696782
254726,remake,0.2130478688850136
254726,sci-fi,21.40848925169615
254726,slow paced,1.0213058374915993
254726,space travel,10.736313436521744
254726,survival,0.2823248354782814
254726,too long,0.18447625987828642
254726,visually appealing,22.776164683690077
254726,war,0.5099771342487727
275245,aliens,5.815980887358855
275245,black comedy,0.26385580578742246
275245,confusing,0.14706518099424554
275245,creepy,0.2692910266124596
275245,dark comedy,0.27717816325233796
275245,dark humor,0.5051982230280788
275245,horror,0.31136372515855054
275245,long,0.1440822999387727
275245,mystery,0.27850878639056487
275245,psychological thriller,1.7584499526659356
275245,satire,0.18777181663647402
275245,sci-fi,4.26280604250467
275245,surrealism,0.25434039860566937
275245,suspenseful,6.589217298187577
275245,thriller,2.6195715605798693
275245,unique,2.8433743474262774
275245,western,0.19075792843417308
278702,bad science,0.27725738091665564
278702,black comedy,0.2552366539475418
278702,boring,0.2250629012623141
278702,cinematography,1.1389160414342008
278702,clever,0.20317435318063343
278702,comedy,1.6223336905729577
278702,detective,0.9002324808147046
278702,edward norton,0.6877609952459118
278702,funny,0.17136186959312086
278702,investigation,0.30959496829778915
278702,murder,0.30028013720988267
278702,mystery,5.998058927360259
278702,nonlinear,1.6416130374692028
278702,plot twist,0.4906211364712916
278702,revenge,0.2313685312746994
278702,satire,0.8666787388270375
278702,sequel,1.019469371738962
278702,too long,0.17482980048704533
278702,twist,0.2495006010897698
278702,twists & turns,2.320869900410374
278702,visually appealing,0.20998544313253895
